ID,URL,Method,Query string,User,Remote IP,Date time
2448,/,GET,,michael,204.191.123.11,05/02/2024
2447,/actuator/health,GET,,,192.241.225.78,05/02/2024
2446,/aad7,GET,,,185.142.236.41,05/02/2024
2445,/aaa9,GET,,,185.142.236.41,05/02/2024
2444,/.well-known/security.txt,GET,,,185.142.236.41,05/02/2024
2443,/sitemap.xml,GET,,,185.142.236.41,05/02/2024
2442,/robots.txt,GET,,,185.142.236.41,05/02/2024
2441,/,GET,,,185.142.236.41,05/02/2024
2440,/sitemap.xml,GET,,,118.193.56.149,05/02/2024
2439,/robots.txt,GET,,,118.193.56.149,05/02/2024
2438,/,GET,,,118.193.56.149,05/02/2024
2437,/tags/175/,GET,,,66.249.66.35,05/02/2024
2436,/tags/109/,GET,,,66.249.66.35,05/02/2024
2435,/login/,GET,next=/pictures/59/,,66.249.66.36,05/02/2024
2434,/pictures/59/,GET,,,66.249.66.34,05/02/2024
2433,/sslvpn_logon.shtml,GET,,,91.92.249.130,05/02/2024
2432,/global-protect/login.esp,GET,,,91.92.249.130,05/02/2024
2431,/vpn/index.html,GET,,,91.92.249.130,05/02/2024
2430,/+CSCOE+/logon.html,GET,,,91.92.249.130,05/02/2024
2429,/,GET,,,91.92.249.130,05/02/2024
2428,/,GET,,,45.79.181.223,05/02/2024
2427,/tags/129/,GET,,,66.249.66.36,05/02/2024
2426,/,GET,,,172.235.29.35,05/02/2024
2425,/dana-na/auth/url_default/welcome.cgi,GET,,,115.147.50.29,05/02/2024
2424,/login/,GET,next=/videos/81/,,66.249.66.35,05/02/2024
2423,/videos/81/,GET,,,66.249.66.35,05/02/2024
2422,/,GET,,,172.104.11.51,05/02/2024
2421,/login/,GET,next=/pictures/17/,,66.249.66.34,05/02/2024
2420,/pictures/17/,GET,,,66.249.66.36,05/02/2024
2419,/tags/46/,GET,,,66.249.66.35,05/02/2024
2418,/search/,GET,q=2024,,157.55.39.10,05/02/2024
2417,/blog/about/,GET,,,82.41.150.9,05/02/2024
2416,/blog/,GET,,,82.41.150.9,05/02/2024
2415,/,GET,,,82.41.150.9,05/02/2024
2414,/login/,POST,,,82.41.150.9,05/02/2024
2413,/login/,GET,,,82.41.150.9,05/02/2024
2412,/register/,POST,,,82.41.150.9,05/02/2024
2411,/register/,GET,,,82.41.150.9,05/02/2024
2410,/,GET,,,82.41.150.9,05/02/2024
2409,/,GET,,,80.82.78.39,05/02/2024
2408,/,GET,,,45.33.80.243,05/02/2024
2407,/,GET,,,87.236.176.56,05/02/2024
2406,/,GET,,,35.240.121.17,05/02/2024
2405,/,GET,,,172.105.128.11,05/02/2024
2404,/,GET,,,45.79.181.251,05/02/2024
2403,/login/,GET,next=/flys/50/,,66.249.66.34,05/02/2024
2402,/flys/50/,GET,,,66.249.66.36,05/02/2024
2401,/,GET,,,172.105.128.11,05/02/2024
2400,/login/,GET,next=/lakes/23/,,52.167.144.235,05/02/2024
2399,/lakes/23/,GET,,,52.167.144.235,05/02/2024
2398,/,GET,,,45.33.80.243,05/02/2024
2397,/,GET,,,60.188.247.77,05/02/2024
2396,/login/,GET,next=/fly_type/1/,,66.249.66.34,05/02/2024
2395,/login/,GET,next=/videos/100/,,66.249.66.35,05/02/2024
2394,/fly_type/1/,GET,,,66.249.66.34,05/02/2024
2393,/videos/100/,GET,,,66.249.66.34,05/02/2024
2392,/robots.txt,GET,,,66.249.66.34,05/02/2024
2391,/,GET,,,111.7.96.159,05/02/2024
2390,/,GET,,,36.99.136.136,05/02/2024
2389,/,GET,,,36.99.136.136,05/02/2024
2388,/,GET,,,36.99.136.136,05/02/2024
2387,/,GET,,,36.99.136.137,05/02/2024
2386,/,GET,,,36.99.136.129,05/02/2024
2385,/,GET,,,43.157.64.235,05/02/2024
2384,/,POST,,,91.92.241.61,05/02/2024
2383,/.env,GET,,,91.92.241.61,05/02/2024
2382,/login/,GET,next=/articles/15/,,52.167.144.236,05/02/2024
2381,/articles/15/,GET,,,52.167.144.236,05/02/2024
2380,/,GET,,,198.235.24.147,05/02/2024
2379,/login/,GET,next=/lakes/252/,,66.249.66.35,05/02/2024
2378,/lakes/252/,GET,,,66.249.66.34,05/02/2024
2377,/,OPTIONS,,,34.118.171.22,05/02/2024
2376,/tags/29/,GET,,,66.249.66.34,05/02/2024
2375,/,GET,,,2001:470:1:c84::20,05/02/2024
2374,/,GET,,,2001:470:1:c84::20,05/02/2024
2373,/,GET,,,80.82.78.39,05/02/2024
2372,/login/,GET,next=/videos/75/,,158.220.87.107,05/02/2024
2371,/videos/75/,GET,,,158.220.87.107,05/02/2024
2370,/login/,GET,next=/flys/5/,,158.220.87.107,05/02/2024
2369,/flys/5/,GET,,,158.220.87.107,05/02/2024
2368,/robots.txt,GET,,,158.220.87.107,05/02/2024
2367,/tags/90/,GET,,,66.249.66.34,05/02/2024
2366,/,GET,,,193.106.29.124,05/02/2024
2365,/,GET,,,192.155.90.220,05/02/2024
2364,/login/,GET,next=/videos/97/,,66.249.66.36,05/02/2024
2363,/videos/97/,GET,,,66.249.66.34,05/02/2024
2362,/login/,GET,next=/lakes/253/,,40.77.167.45,05/02/2024
2361,/lakes/253/,GET,,,40.77.167.45,05/02/2024
2360,/login/,GET,next=/lakes/36/,,157.55.39.51,05/02/2024
2359,/lakes/36/,GET,,,157.55.39.51,05/02/2024
2358,/.env,GET,,,78.153.140.224,05/02/2024
